-- phpMyAdmin SQL Dump
-- version 4.1.14
-- http://www.phpmyadmin.net
--
-- Servidor: 127.0.0.1
-- Tiempo de generación: 23-04-2018 a las 11:28:51
-- Versión del servidor: 5.6.17
-- Versión de PHP: 5.5.12

SET SQL_MODE = "NO_AUTO_VALUE_ON_ZERO";
SET time_zone = "+00:00";


/*!40101 SET @OLD_CHARACTER_SET_CLIENT=@@CHARACTER_SET_CLIENT */;
/*!40101 SET @OLD_CHARACTER_SET_RESULTS=@@CHARACTER_SET_RESULTS */;
/*!40101 SET @OLD_COLLATION_CONNECTION=@@COLLATION_CONNECTION */;
/*!40101 SET NAMES utf8 */;

--
-- Base de datos: `winnertakesall`
--

-- --------------------------------------------------------

--
-- Estructura de tabla para la tabla `betgroups`
--

CREATE TABLE IF NOT EXISTS `betgroups` (
  `id` int(10) unsigned NOT NULL AUTO_INCREMENT,
  `amount` int(11) NOT NULL,
  `participants_number` int(11) NOT NULL,
  `current_participants` int(11) NOT NULL,
  `id_state` int(10) unsigned NOT NULL,
  `id_season` int(10) unsigned NOT NULL,
  `first_match` int(11) NOT NULL,
  `last_match` int(11) NOT NULL,
  `number_group` int(11) NOT NULL,
  `users_winner` varchar(255) COLLATE utf8_unicode_ci DEFAULT NULL,
  `created_at` timestamp NULL DEFAULT NULL,
  `updated_at` timestamp NULL DEFAULT NULL,
  PRIMARY KEY (`id`),
  KEY `betgroups_id_state_foreign` (`id_state`),
  KEY `betgroups_id_season_foreign` (`id_season`)
) ENGINE=InnoDB  DEFAULT CHARSET=utf8 COLLATE=utf8_unicode_ci AUTO_INCREMENT=20 ;

--
-- Volcado de datos para la tabla `betgroups`
--

INSERT INTO `betgroups` (`id`, `amount`, `participants_number`, `current_participants`, `id_state`, `id_season`, `first_match`, `last_match`, `number_group`, `users_winner`, `created_at`, `updated_at`) VALUES
(17, 5, 25, 1, 1, 3, 0, 0, 1, NULL, '2017-07-03 08:58:58', '2017-07-03 11:36:31'),
(18, 10, 25, 0, 1, 3, 0, 0, 1, NULL, '2017-07-03 08:59:05', '2017-07-03 08:59:05'),
(19, 15, 25, 0, 1, 3, 0, 0, 1, NULL, '2017-07-03 08:59:24', '2017-07-03 08:59:24');

-- --------------------------------------------------------

--
-- Estructura de tabla para la tabla `detailbetgroups`
--

CREATE TABLE IF NOT EXISTS `detailbetgroups` (
  `id` int(10) unsigned NOT NULL AUTO_INCREMENT,
  `id_group` int(10) unsigned NOT NULL,
  `id_user` int(10) unsigned NOT NULL,
  `date_register` varchar(255) COLLATE utf8_unicode_ci NOT NULL,
  `created_at` timestamp NULL DEFAULT NULL,
  `updated_at` timestamp NULL DEFAULT NULL,
  PRIMARY KEY (`id`),
  KEY `detailbetgroups_id_group_foreign` (`id_group`),
  KEY `detailbetgroups_id_user_foreign` (`id_user`)
) ENGINE=InnoDB  DEFAULT CHARSET=utf8 COLLATE=utf8_unicode_ci AUTO_INCREMENT=30 ;

--
-- Volcado de datos para la tabla `detailbetgroups`
--

INSERT INTO `detailbetgroups` (`id`, `id_group`, `id_user`, `date_register`, `created_at`, `updated_at`) VALUES
(29, 17, 8, '2017-07-03', '2017-07-03 11:36:31', '2017-07-03 11:36:31');

-- --------------------------------------------------------

--
-- Estructura de tabla para la tabla `detailgames`
--

CREATE TABLE IF NOT EXISTS `detailgames` (
  `id` int(10) unsigned NOT NULL AUTO_INCREMENT,
  `id_season` int(10) unsigned NOT NULL,
  `id_detail_season` int(10) unsigned NOT NULL,
  `id_user` int(10) unsigned NOT NULL,
  `selection_team` int(11) DEFAULT NULL,
  `state` enum('pass','denied','null') COLLATE utf8_unicode_ci NOT NULL DEFAULT 'null',
  `id_betgroup` int(10) unsigned NOT NULL,
  `week` int(11) NOT NULL,
  `created_at` timestamp NULL DEFAULT NULL,
  `updated_at` timestamp NULL DEFAULT NULL,
  PRIMARY KEY (`id`),
  KEY `detailgames_id_season_foreign` (`id_season`),
  KEY `detailgames_id_detail_season_foreign` (`id_detail_season`),
  KEY `detailgames_id_user_foreign` (`id_user`),
  KEY `detailgames_id_betgroup_foreign` (`id_betgroup`)
) ENGINE=InnoDB DEFAULT CHARSET=utf8 COLLATE=utf8_unicode_ci AUTO_INCREMENT=1 ;

-- --------------------------------------------------------

--
-- Estructura de tabla para la tabla `detailseasons`
--

CREATE TABLE IF NOT EXISTS `detailseasons` (
  `id` int(10) unsigned NOT NULL AUTO_INCREMENT,
  `week` varchar(255) COLLATE utf8_unicode_ci NOT NULL,
  `id_home_team` int(10) unsigned NOT NULL,
  `id_visit_team` int(10) unsigned NOT NULL,
  `result_home` int(11) DEFAULT NULL,
  `result_visit` int(11) DEFAULT NULL,
  `id_season` int(10) unsigned NOT NULL,
  `id_state` int(10) unsigned NOT NULL,
  `state_match` enum('SCHEDULED','FINISHED','POSTPONED') COLLATE utf8_unicode_ci NOT NULL DEFAULT 'SCHEDULED',
  `date` varchar(255) COLLATE utf8_unicode_ci NOT NULL,
  `hour` varchar(255) COLLATE utf8_unicode_ci NOT NULL,
  `created_at` timestamp NULL DEFAULT NULL,
  `updated_at` timestamp NULL DEFAULT NULL,
  PRIMARY KEY (`id`),
  KEY `detailseasons_id_home_team_foreign` (`id_home_team`),
  KEY `detailseasons_id_visit_team_foreign` (`id_visit_team`),
  KEY `detailseasons_id_season_foreign` (`id_season`),
  KEY `detailseasons_id_state_foreign` (`id_state`)
) ENGINE=InnoDB  DEFAULT CHARSET=utf8 COLLATE=utf8_unicode_ci AUTO_INCREMENT=762 ;

--
-- Volcado de datos para la tabla `detailseasons`
--

INSERT INTO `detailseasons` (`id`, `week`, `id_home_team`, `id_visit_team`, `result_home`, `result_visit`, `id_season`, `id_state`, `state_match`, `date`, `hour`, `created_at`, `updated_at`) VALUES
(382, '28', 37, 22, 1, 0, 3, 1, 'FINISHED', '2016-04-26', '18:45:00Z', '2017-07-03 08:49:49', '2017-07-03 08:49:49'),
(383, '1', 21, 22, 2, 1, 3, 1, 'FINISHED', '2016-08-13', '11:30:00Z', '2017-07-03 08:49:49', '2017-07-03 08:49:49'),
(384, '1', 23, 24, 1, 1, 3, 1, 'FINISHED', '2016-08-13', '14:00:00Z', '2017-07-03 08:49:50', '2017-07-03 08:49:50'),
(385, '1', 29, 30, 0, 1, 3, 1, 'FINISHED', '2016-08-13', '14:00:00Z', '2017-07-03 08:49:50', '2017-07-03 08:49:50'),
(386, '1', 31, 32, 0, 1, 3, 1, 'FINISHED', '2016-08-13', '14:00:00Z', '2017-07-03 08:49:50', '2017-07-03 08:49:50'),
(387, '1', 27, 28, 1, 1, 3, 1, 'FINISHED', '2016-08-13', '14:00:00Z', '2017-07-03 08:49:50', '2017-07-03 08:49:50'),
(388, '1', 25, 26, 1, 1, 3, 1, 'FINISHED', '2016-08-13', '14:00:00Z', '2017-07-03 08:49:50', '2017-07-03 08:49:50'),
(389, '1', 33, 34, 2, 1, 3, 1, 'FINISHED', '2016-08-13', '16:30:00Z', '2017-07-03 08:49:50', '2017-07-03 08:49:50'),
(390, '1', 35, 36, 1, 3, 3, 1, 'FINISHED', '2016-08-14', '12:30:00Z', '2017-07-03 08:49:50', '2017-07-03 08:49:50'),
(391, '1', 37, 38, 3, 4, 3, 1, 'FINISHED', '2016-08-14', '15:00:00Z', '2017-07-03 08:49:50', '2017-07-03 08:49:50'),
(392, '1', 39, 40, 2, 1, 3, 1, 'FINISHED', '2016-08-15', '19:00:00Z', '2017-07-03 08:49:50', '2017-07-03 08:49:50'),
(393, '2', 36, 23, 2, 0, 3, 1, 'FINISHED', '2016-08-19', '19:00:00Z', '2017-07-03 08:49:50', '2017-07-03 08:49:50'),
(394, '2', 26, 33, 1, 4, 3, 1, 'FINISHED', '2016-08-20', '11:30:00Z', '2017-07-03 08:49:50', '2017-07-03 08:49:50'),
(395, '2', 32, 21, 0, 2, 3, 1, 'FINISHED', '2016-08-20', '14:00:00Z', '2017-07-03 08:49:50', '2017-07-03 08:49:50'),
(396, '2', 28, 29, 1, 0, 3, 1, 'FINISHED', '2016-08-20', '14:00:00Z', '2017-07-03 08:49:50', '2017-07-03 08:49:50'),
(397, '2', 24, 39, 1, 2, 3, 1, 'FINISHED', '2016-08-20', '14:00:00Z', '2017-07-03 08:49:50', '2017-07-03 08:49:50'),
(398, '2', 31, 38, 2, 0, 3, 1, 'FINISHED', '2016-08-20', '14:00:00Z', '2017-07-03 08:49:50', '2017-07-03 08:49:50'),
(399, '2', 30, 27, 1, 2, 3, 1, 'FINISHED', '2016-08-20', '14:00:00Z', '2017-07-03 08:49:50', '2017-07-03 08:49:50'),
(400, '2', 22, 37, 0, 0, 3, 1, 'FINISHED', '2016-08-20', '16:30:00Z', '2017-07-03 08:49:50', '2017-07-03 08:49:50'),
(401, '2', 34, 25, 1, 2, 3, 1, 'FINISHED', '2016-08-21', '12:30:00Z', '2017-07-03 08:49:50', '2017-07-03 08:49:50'),
(402, '2', 40, 35, 1, 0, 3, 1, 'FINISHED', '2016-08-21', '15:00:00Z', '2017-07-03 08:49:50', '2017-07-03 08:49:50'),
(403, '3', 28, 38, 1, 1, 3, 1, 'FINISHED', '2016-08-27', '11:30:00Z', '2017-07-03 08:49:50', '2017-07-03 08:49:50'),
(404, '3', 29, 35, 1, 1, 3, 1, 'FINISHED', '2016-08-27', '14:00:00Z', '2017-07-03 08:49:50', '2017-07-03 08:49:50'),
(405, '3', 27, 26, 1, 0, 3, 1, 'FINISHED', '2016-08-27', '14:00:00Z', '2017-07-03 08:49:50', '2017-07-03 08:49:50'),
(406, '3', 22, 32, 2, 1, 3, 1, 'FINISHED', '2016-08-27', '14:00:00Z', '2017-07-03 08:49:51', '2017-07-03 08:49:51'),
(407, '3', 23, 34, 1, 1, 3, 1, 'FINISHED', '2016-08-27', '14:00:00Z', '2017-07-03 08:49:51', '2017-07-03 08:49:51'),
(408, '3', 24, 37, 1, 3, 3, 1, 'FINISHED', '2016-08-27', '14:00:00Z', '2017-07-03 08:49:51', '2017-07-03 08:49:51'),
(409, '3', 39, 31, 3, 0, 3, 1, 'FINISHED', '2016-08-27', '14:00:00Z', '2017-07-03 08:49:51', '2017-07-03 08:49:51'),
(410, '3', 21, 36, 0, 1, 3, 1, 'FINISHED', '2016-08-27', '16:30:00Z', '2017-07-03 08:49:51', '2017-07-03 08:49:51'),
(411, '3', 30, 25, 0, 0, 3, 1, 'FINISHED', '2016-08-28', '12:30:00Z', '2017-07-03 08:49:51', '2017-07-03 08:49:51'),
(412, '3', 33, 40, 3, 1, 3, 1, 'FINISHED', '2016-08-28', '15:00:00Z', '2017-07-03 08:49:51', '2017-07-03 08:49:51'),
(413, '4', 36, 33, 1, 2, 3, 1, 'FINISHED', '2016-09-10', '11:30:00Z', '2017-07-03 08:49:51', '2017-07-03 08:49:51'),
(414, '4', 31, 21, 1, 1, 3, 1, 'FINISHED', '2016-09-10', '14:00:00Z', '2017-07-03 08:49:51', '2017-07-03 08:49:51'),
(415, '4', 35, 30, 1, 0, 3, 1, 'FINISHED', '2016-09-10', '14:00:00Z', '2017-07-03 08:49:51', '2017-07-03 08:49:51'),
(416, '4', 37, 23, 2, 1, 3, 1, 'FINISHED', '2016-09-10', '14:00:00Z', '2017-07-03 08:49:51', '2017-07-03 08:49:51'),
(417, '4', 40, 24, 2, 4, 3, 1, 'FINISHED', '2016-09-10', '14:00:00Z', '2017-07-03 08:49:51', '2017-07-03 08:49:51'),
(418, '4', 25, 29, 1, 2, 3, 1, 'FINISHED', '2016-09-10', '14:00:00Z', '2017-07-03 08:49:51', '2017-07-03 08:49:51'),
(419, '4', 26, 28, 0, 4, 3, 1, 'FINISHED', '2016-09-10', '14:00:00Z', '2017-07-03 08:49:51', '2017-07-03 08:49:51'),
(420, '4', 38, 22, 4, 1, 3, 1, 'FINISHED', '2016-09-10', '16:30:00Z', '2017-07-03 08:49:51', '2017-07-03 08:49:51'),
(421, '4', 32, 39, 2, 2, 3, 1, 'FINISHED', '2016-09-11', '15:00:00Z', '2017-07-03 08:49:51', '2017-07-03 08:49:51'),
(422, '4', 34, 27, 0, 3, 3, 1, 'FINISHED', '2016-09-12', '19:00:00Z', '2017-07-03 08:49:51', '2017-07-03 08:49:51'),
(423, '5', 39, 38, 1, 2, 3, 1, 'FINISHED', '2016-09-16', '19:00:00Z', '2017-07-03 08:49:51', '2017-07-03 08:49:51'),
(424, '5', 30, 40, 4, 2, 3, 1, 'FINISHED', '2016-09-17', '14:00:00Z', '2017-07-03 08:49:51', '2017-07-03 08:49:51'),
(425, '5', 33, 35, 4, 0, 3, 1, 'FINISHED', '2016-09-17', '14:00:00Z', '2017-07-03 08:49:51', '2017-07-03 08:49:51'),
(426, '5', 22, 31, 3, 0, 3, 1, 'FINISHED', '2016-09-17', '14:00:00Z', '2017-07-03 08:49:51', '2017-07-03 08:49:51'),
(427, '5', 21, 37, 1, 4, 3, 1, 'FINISHED', '2016-09-17', '14:00:00Z', '2017-07-03 08:49:51', '2017-07-03 08:49:51'),
(428, '5', 27, 25, 3, 1, 3, 1, 'FINISHED', '2016-09-17', '16:30:00Z', '2017-07-03 08:49:51', '2017-07-03 08:49:51'),
(429, '5', 24, 36, 3, 1, 3, 1, 'FINISHED', '2016-09-18', '11:00:00Z', '2017-07-03 08:49:51', '2017-07-03 08:49:51'),
(430, '5', 23, 32, 1, 0, 3, 1, 'FINISHED', '2016-09-18', '13:15:00Z', '2017-07-03 08:49:52', '2017-07-03 08:49:52'),
(431, '5', 29, 26, 4, 1, 3, 1, 'FINISHED', '2016-09-18', '13:15:00Z', '2017-07-03 08:49:52', '2017-07-03 08:49:52'),
(432, '5', 28, 34, 1, 0, 3, 1, 'FINISHED', '2016-09-18', '15:30:00Z', '2017-07-03 08:49:52', '2017-07-03 08:49:52'),
(433, '6', 36, 22, 4, 1, 3, 1, 'FINISHED', '2016-09-24', '11:30:00Z', '2017-07-03 08:49:52', '2017-07-03 08:49:52'),
(434, '6', 35, 27, 1, 0, 3, 1, 'FINISHED', '2016-09-24', '14:00:00Z', '2017-07-03 08:49:52', '2017-07-03 08:49:52'),
(435, '6', 38, 21, 5, 1, 3, 1, 'FINISHED', '2016-09-24', '14:00:00Z', '2017-07-03 08:49:52', '2017-07-03 08:49:52'),
(436, '6', 25, 28, 1, 2, 3, 1, 'FINISHED', '2016-09-24', '14:00:00Z', '2017-07-03 08:49:52', '2017-07-03 08:49:52'),
(437, '6', 32, 33, 1, 3, 3, 1, 'FINISHED', '2016-09-24', '14:00:00Z', '2017-07-03 08:49:52', '2017-07-03 08:49:52'),
(438, '6', 34, 29, 2, 3, 3, 1, 'FINISHED', '2016-09-24', '14:00:00Z', '2017-07-03 08:49:52', '2017-07-03 08:49:52'),
(439, '6', 26, 30, 1, 1, 3, 1, 'FINISHED', '2016-09-24', '14:00:00Z', '2017-07-03 08:49:52', '2017-07-03 08:49:52'),
(440, '6', 37, 39, 3, 0, 3, 1, 'FINISHED', '2016-09-24', '16:30:00Z', '2017-07-03 08:49:52', '2017-07-03 08:49:52'),
(441, '6', 40, 23, 0, 3, 3, 1, 'FINISHED', '2016-09-25', '15:00:00Z', '2017-07-03 08:49:52', '2017-07-03 08:49:52'),
(442, '6', 31, 24, 2, 0, 3, 1, 'FINISHED', '2016-09-26', '19:00:00Z', '2017-07-03 08:49:52', '2017-07-03 08:49:52'),
(443, '7', 27, 29, 1, 1, 3, 1, 'FINISHED', '2016-09-30', '19:00:00Z', '2017-07-03 08:49:52', '2017-07-03 08:49:52'),
(444, '7', 32, 38, 1, 2, 3, 1, 'FINISHED', '2016-10-01', '11:30:00Z', '2017-07-03 08:49:52', '2017-07-03 08:49:52'),
(445, '7', 21, 39, 0, 2, 3, 1, 'FINISHED', '2016-10-01', '14:00:00Z', '2017-07-03 08:49:52', '2017-07-03 08:49:52'),
(446, '7', 24, 35, 2, 2, 3, 1, 'FINISHED', '2016-10-01', '14:00:00Z', '2017-07-03 08:49:52', '2017-07-03 08:49:52'),
(447, '7', 40, 25, 1, 1, 3, 1, 'FINISHED', '2016-10-01', '14:00:00Z', '2017-07-03 08:49:52', '2017-07-03 08:49:52'),
(448, '7', 34, 30, 1, 1, 3, 1, 'FINISHED', '2016-10-01', '14:00:00Z', '2017-07-03 08:49:52', '2017-07-03 08:49:52'),
(449, '7', 36, 26, 1, 1, 3, 1, 'FINISHED', '2016-10-02', '11:00:00Z', '2017-07-03 08:49:52', '2017-07-03 08:49:52'),
(450, '7', 28, 33, 2, 0, 3, 1, 'FINISHED', '2016-10-02', '13:15:00Z', '2017-07-03 08:49:52', '2017-07-03 08:49:52'),
(451, '7', 22, 23, 0, 0, 3, 1, 'FINISHED', '2016-10-02', '13:15:00Z', '2017-07-03 08:49:52', '2017-07-03 08:49:52'),
(452, '7', 31, 37, 0, 1, 3, 1, 'FINISHED', '2016-10-02', '15:30:00Z', '2017-07-03 08:49:52', '2017-07-03 08:49:52'),
(453, '8', 39, 22, 3, 0, 3, 1, 'FINISHED', '2016-10-15', '11:30:00Z', '2017-07-03 08:49:52', '2017-07-03 08:49:52'),
(454, '8', 35, 21, 6, 1, 3, 1, 'FINISHED', '2016-10-15', '14:00:00Z', '2017-07-03 08:49:52', '2017-07-03 08:49:52'),
(455, '8', 37, 32, 3, 2, 3, 1, 'FINISHED', '2016-10-15', '14:00:00Z', '2017-07-03 08:49:52', '2017-07-03 08:49:52'),
(456, '8', 30, 28, 1, 1, 3, 1, 'FINISHED', '2016-10-15', '14:00:00Z', '2017-07-03 08:49:52', '2017-07-03 08:49:52'),
(457, '8', 33, 27, 1, 1, 3, 1, 'FINISHED', '2016-10-15', '14:00:00Z', '2017-07-03 08:49:53', '2017-07-03 08:49:53'),
(458, '8', 26, 34, 2, 0, 3, 1, 'FINISHED', '2016-10-15', '14:00:00Z', '2017-07-03 08:49:53', '2017-07-03 08:49:53'),
(459, '8', 29, 40, 0, 1, 3, 1, 'FINISHED', '2016-10-15', '16:30:00Z', '2017-07-03 08:49:53', '2017-07-03 08:49:53'),
(460, '8', 25, 24, 0, 1, 3, 1, 'FINISHED', '2016-10-16', '12:30:00Z', '2017-07-03 08:49:53', '2017-07-03 08:49:53'),
(461, '8', 23, 31, 3, 1, 3, 1, 'FINISHED', '2016-10-16', '15:00:00Z', '2017-07-03 08:49:53', '2017-07-03 08:49:53'),
(462, '8', 38, 36, 0, 0, 3, 1, 'FINISHED', '2016-10-17', '19:00:00Z', '2017-07-03 08:49:53', '2017-07-03 08:49:53'),
(463, '9', 35, 28, 0, 0, 3, 1, 'FINISHED', '2016-10-22', '11:30:00Z', '2017-07-03 08:49:53', '2017-07-03 08:49:53'),
(464, '9', 22, 29, 3, 1, 3, 1, 'FINISHED', '2016-10-22', '14:00:00Z', '2017-07-03 08:49:53', '2017-07-03 08:49:53'),
(465, '9', 37, 25, 0, 0, 3, 1, 'FINISHED', '2016-10-22', '14:00:00Z', '2017-07-03 08:49:53', '2017-07-03 08:49:53'),
(466, '9', 31, 27, 2, 1, 3, 1, 'FINISHED', '2016-10-22', '14:00:00Z', '2017-07-03 08:49:53', '2017-07-03 08:49:53'),
(467, '9', 21, 26, 0, 2, 3, 1, 'FINISHED', '2016-10-22', '14:00:00Z', '2017-07-03 08:49:53', '2017-07-03 08:49:53'),
(468, '9', 32, 24, 0, 0, 3, 1, 'FINISHED', '2016-10-22', '14:00:00Z', '2017-07-03 08:49:53', '2017-07-03 08:49:53'),
(469, '9', 40, 34, 1, 0, 3, 1, 'FINISHED', '2016-10-22', '14:00:00Z', '2017-07-03 08:49:53', '2017-07-03 08:49:53'),
(470, '9', 38, 30, 2, 1, 3, 1, 'FINISHED', '2016-10-22', '16:30:00Z', '2017-07-03 08:49:53', '2017-07-03 08:49:53'),
(471, '9', 33, 23, 1, 1, 3, 1, 'FINISHED', '2016-10-23', '12:30:00Z', '2017-07-03 08:49:53', '2017-07-03 08:49:53'),
(472, '9', 39, 36, 4, 0, 3, 1, 'FINISHED', '2016-10-23', '15:00:00Z', '2017-07-03 08:49:53', '2017-07-03 08:49:53'),
(473, '10', 34, 37, 1, 4, 3, 1, 'FINISHED', '2016-10-29', '11:30:00Z', '2017-07-03 08:49:53', '2017-07-03 08:49:53'),
(474, '10', 36, 31, 0, 0, 3, 1, 'FINISHED', '2016-10-29', '14:00:00Z', '2017-07-03 08:49:53', '2017-07-03 08:49:53'),
(475, '10', 25, 35, 2, 0, 3, 1, 'FINISHED', '2016-10-29', '14:00:00Z', '2017-07-03 08:49:53', '2017-07-03 08:49:53'),
(476, '10', 30, 33, 0, 4, 3, 1, 'FINISHED', '2016-10-29', '14:00:00Z', '2017-07-03 08:49:53', '2017-07-03 08:49:53'),
(477, '10', 28, 22, 1, 1, 3, 1, 'FINISHED', '2016-10-29', '14:00:00Z', '2017-07-03 08:49:53', '2017-07-03 08:49:53'),
(478, '10', 24, 21, 1, 0, 3, 1, 'FINISHED', '2016-10-29', '14:00:00Z', '2017-07-03 08:49:53', '2017-07-03 08:49:53'),
(479, '10', 29, 38, 2, 4, 3, 1, 'FINISHED', '2016-10-29', '16:30:00Z', '2017-07-03 08:49:53', '2017-07-03 08:49:53'),
(480, '10', 27, 40, 2, 0, 3, 1, 'FINISHED', '2016-10-30', '13:30:00Z', '2017-07-03 08:49:53', '2017-07-03 08:49:53'),
(481, '10', 23, 39, 0, 2, 3, 1, 'FINISHED', '2016-10-30', '16:00:00Z', '2017-07-03 08:49:53', '2017-07-03 08:49:53'),
(482, '10', 26, 32, 3, 1, 3, 1, 'FINISHED', '2016-10-31', '20:00:00Z', '2017-07-03 08:49:54', '2017-07-03 08:49:54'),
(483, '11', 40, 26, 1, 1, 3, 1, 'FINISHED', '2016-11-05', '15:00:00Z', '2017-07-03 08:49:54', '2017-07-03 08:49:54'),
(484, '11', 33, 25, 1, 1, 3, 1, 'FINISHED', '2016-11-05', '15:00:00Z', '2017-07-03 08:49:54', '2017-07-03 08:49:54'),
(485, '11', 35, 34, 1, 2, 3, 1, 'FINISHED', '2016-11-05', '15:00:00Z', '2017-07-03 08:49:54', '2017-07-03 08:49:54'),
(486, '11', 31, 29, 3, 2, 3, 1, 'FINISHED', '2016-11-05', '15:00:00Z', '2017-07-03 08:49:54', '2017-07-03 08:49:54'),
(487, '11', 39, 27, 5, 0, 3, 1, 'FINISHED', '2016-11-05', '17:30:00Z', '2017-07-03 08:49:54', '2017-07-03 08:49:54'),
(488, '11', 37, 28, 1, 1, 3, 1, 'FINISHED', '2016-11-06', '12:00:00Z', '2017-07-03 08:49:54', '2017-07-03 08:49:54'),
(489, '11', 21, 23, 2, 1, 3, 1, 'FINISHED', '2016-11-06', '14:15:00Z', '2017-07-03 08:49:54', '2017-07-03 08:49:54'),
(490, '11', 38, 24, 6, 1, 3, 1, 'FINISHED', '2016-11-06', '14:15:00Z', '2017-07-03 08:49:54', '2017-07-03 08:49:54'),
(491, '11', 32, 36, 1, 3, 3, 1, 'FINISHED', '2016-11-06', '15:00:00Z', '2017-07-03 08:49:54', '2017-07-03 08:49:54'),
(492, '11', 22, 30, 1, 2, 3, 1, 'FINISHED', '2016-11-06', '16:30:00Z', '2017-07-03 08:49:54', '2017-07-03 08:49:54'),
(493, '12', 36, 37, 1, 1, 3, 1, 'FINISHED', '2016-11-19', '12:30:00Z', '2017-07-03 08:49:54', '2017-07-03 08:49:54'),
(494, '12', 24, 22, 2, 1, 3, 1, 'FINISHED', '2016-11-19', '15:00:00Z', '2017-07-03 08:49:54', '2017-07-03 08:49:54'),
(495, '12', 27, 32, 1, 1, 3, 1, 'FINISHED', '2016-11-19', '15:00:00Z', '2017-07-03 08:49:54', '2017-07-03 08:49:54'),
(496, '12', 29, 33, 1, 2, 3, 1, 'FINISHED', '2016-11-19', '15:00:00Z', '2017-07-03 08:49:54', '2017-07-03 08:49:54'),
(497, '12', 26, 35, 0, 1, 3, 1, 'FINISHED', '2016-11-19', '15:00:00Z', '2017-07-03 08:49:54', '2017-07-03 08:49:54'),
(498, '12', 23, 38, 0, 0, 3, 1, 'FINISHED', '2016-11-19', '15:00:00Z', '2017-07-03 08:49:54', '2017-07-03 08:49:54'),
(499, '12', 34, 21, 3, 0, 3, 1, 'FINISHED', '2016-11-19', '15:00:00Z', '2017-07-03 08:49:54', '2017-07-03 08:49:54'),
(500, '12', 28, 40, 3, 2, 3, 1, 'FINISHED', '2016-11-19', '17:30:00Z', '2017-07-03 08:49:54', '2017-07-03 08:49:54'),
(501, '12', 25, 39, 0, 1, 3, 1, 'FINISHED', '2016-11-20', '16:00:00Z', '2017-07-03 08:49:54', '2017-07-03 08:49:54'),
(502, '12', 30, 31, 4, 0, 3, 1, 'FINISHED', '2016-11-21', '20:00:00Z', '2017-07-03 08:49:54', '2017-07-03 08:49:54'),
(503, '13', 31, 33, 1, 2, 3, 1, 'FINISHED', '2016-11-26', '12:30:00Z', '2017-07-03 08:49:54', '2017-07-03 08:49:54'),
(504, '13', 21, 30, 1, 1, 3, 1, 'FINISHED', '2016-11-26', '15:00:00Z', '2017-07-03 08:49:54', '2017-07-03 08:49:54'),
(505, '13', 22, 25, 2, 2, 3, 1, 'FINISHED', '2016-11-26', '15:00:00Z', '2017-07-03 08:49:54', '2017-07-03 08:49:54'),
(506, '13', 38, 34, 2, 0, 3, 1, 'FINISHED', '2016-11-26', '15:00:00Z', '2017-07-03 08:49:55', '2017-07-03 08:49:55'),
(507, '13', 32, 29, 5, 4, 3, 1, 'FINISHED', '2016-11-26', '15:00:00Z', '2017-07-03 08:49:55', '2017-07-03 08:49:55'),
(508, '13', 39, 28, 2, 1, 3, 1, 'FINISHED', '2016-11-26', '17:30:00Z', '2017-07-03 08:49:55', '2017-07-03 08:49:55'),
(509, '13', 24, 26, 0, 1, 3, 1, 'FINISHED', '2016-11-27', '12:00:00Z', '2017-07-03 08:49:55', '2017-07-03 08:49:55'),
(510, '13', 37, 35, 3, 1, 3, 1, 'FINISHED', '2016-11-27', '14:15:00Z', '2017-07-03 08:49:55', '2017-07-03 08:49:55'),
(511, '13', 36, 40, 1, 1, 3, 1, 'FINISHED', '2016-11-27', '16:30:00Z', '2017-07-03 08:49:55', '2017-07-03 08:49:55'),
(512, '13', 23, 27, 1, 0, 3, 1, 'FINISHED', '2016-11-27', '16:30:00Z', '2017-07-03 08:49:55', '2017-07-03 08:49:55'),
(513, '14', 33, 39, 1, 3, 3, 1, 'FINISHED', '2016-12-03', '12:30:00Z', '2017-07-03 08:49:55', '2017-07-03 08:49:55'),
(514, '14', 29, 23, 3, 0, 3, 1, 'FINISHED', '2016-12-03', '15:00:00Z', '2017-07-03 08:49:55', '2017-07-03 08:49:55'),
(515, '14', 26, 31, 2, 0, 3, 1, 'FINISHED', '2016-12-03', '15:00:00Z', '2017-07-03 08:49:55', '2017-07-03 08:49:55'),
(516, '14', 34, 22, 2, 1, 3, 1, 'FINISHED', '2016-12-03', '15:00:00Z', '2017-07-03 08:49:55', '2017-07-03 08:49:55'),
(517, '14', 28, 32, 5, 0, 3, 1, 'FINISHED', '2016-12-03', '15:00:00Z', '2017-07-03 08:49:55', '2017-07-03 08:49:55'),
(518, '14', 30, 24, 3, 1, 3, 1, 'FINISHED', '2016-12-03', '15:00:00Z', '2017-07-03 08:49:55', '2017-07-03 08:49:55'),
(519, '14', 40, 37, 1, 5, 3, 1, 'FINISHED', '2016-12-03', '17:30:00Z', '2017-07-03 08:49:55', '2017-07-03 08:49:55'),
(520, '14', 35, 38, 4, 3, 3, 1, 'FINISHED', '2016-12-04', '13:30:00Z', '2017-07-03 08:49:55', '2017-07-03 08:49:55'),
(521, '14', 27, 36, 1, 1, 3, 1, 'FINISHED', '2016-12-04', '16:00:00Z', '2017-07-03 08:49:55', '2017-07-03 08:49:55'),
(522, '14', 25, 21, 1, 0, 3, 1, 'FINISHED', '2016-12-05', '20:00:00Z', '2017-07-03 08:49:55', '2017-07-03 08:49:55'),
(523, '15', 24, 27, 3, 2, 3, 1, 'FINISHED', '2016-12-10', '12:30:00Z', '2017-07-03 08:49:55', '2017-07-03 08:49:55'),
(524, '15', 37, 26, 3, 1, 3, 1, 'FINISHED', '2016-12-10', '15:00:00Z', '2017-07-03 08:49:55', '2017-07-03 08:49:55'),
(525, '15', 31, 35, 3, 2, 3, 1, 'FINISHED', '2016-12-10', '15:00:00Z', '2017-07-03 08:49:55', '2017-07-03 08:49:55'),
(526, '15', 21, 29, 3, 3, 3, 1, 'FINISHED', '2016-12-10', '15:00:00Z', '2017-07-03 08:49:56', '2017-07-03 08:49:56'),
(527, '15', 32, 34, 3, 0, 3, 1, 'FINISHED', '2016-12-10', '15:00:00Z', '2017-07-03 08:49:56', '2017-07-03 08:49:56'),
(528, '15', 22, 33, 4, 2, 3, 1, 'FINISHED', '2016-12-10', '17:30:00Z', '2017-07-03 08:49:56', '2017-07-03 08:49:56'),
(529, '15', 39, 30, 1, 0, 3, 1, 'FINISHED', '2016-12-11', '12:00:00Z', '2017-07-03 08:49:56', '2017-07-03 08:49:56'),
(530, '15', 36, 28, 1, 0, 3, 1, 'FINISHED', '2016-12-11', '14:15:00Z', '2017-07-03 08:49:56', '2017-07-03 08:49:56'),
(531, '15', 23, 25, 1, 0, 3, 1, 'FINISHED', '2016-12-11', '14:15:00Z', '2017-07-03 08:49:56', '2017-07-03 08:49:56'),
(532, '15', 38, 40, 2, 2, 3, 1, 'FINISHED', '2016-12-11', '16:30:00Z', '2017-07-03 08:49:56', '2017-07-03 08:49:56'),
(533, '16', 35, 22, 1, 0, 3, 1, 'FINISHED', '2016-12-13', '19:45:00Z', '2017-07-03 08:49:56', '2017-07-03 08:49:56'),
(534, '16', 27, 37, 2, 1, 3, 1, 'FINISHED', '2016-12-13', '19:45:00Z', '2017-07-03 08:49:56', '2017-07-03 08:49:56'),
(535, '16', 34, 39, 0, 1, 3, 1, 'FINISHED', '2016-12-14', '19:45:00Z', '2017-07-03 08:49:56', '2017-07-03 08:49:56'),
(536, '16', 25, 38, 0, 3, 3, 1, 'FINISHED', '2016-12-14', '19:45:00Z', '2017-07-03 08:49:56', '2017-07-03 08:49:56'),
(537, '16', 40, 31, 1, 0, 3, 1, 'FINISHED', '2016-12-14', '19:45:00Z', '2017-07-03 08:49:56', '2017-07-03 08:49:56'),
(538, '16', 33, 24, 2, 0, 3, 1, 'FINISHED', '2016-12-14', '20:00:00Z', '2017-07-03 08:49:56', '2017-07-03 08:49:56'),
(539, '16', 26, 23, 0, 0, 3, 1, 'FINISHED', '2016-12-14', '20:00:00Z', '2017-07-03 08:49:56', '2017-07-03 08:49:56'),
(540, '16', 28, 21, 3, 0, 3, 1, 'FINISHED', '2016-12-14', '20:00:00Z', '2017-07-03 08:49:56', '2017-07-03 08:49:56'),
(541, '16', 29, 36, 1, 2, 3, 1, 'FINISHED', '2016-12-14', '20:00:00Z', '2017-07-03 08:49:56', '2017-07-03 08:49:56'),
(542, '16', 30, 32, 3, 1, 3, 1, 'FINISHED', '2016-12-14', '20:00:00Z', '2017-07-03 08:49:56', '2017-07-03 08:49:56'),
(543, '17', 29, 39, 0, 1, 3, 1, 'FINISHED', '2016-12-17', '12:30:00Z', '2017-07-03 08:49:57', '2017-07-03 08:49:57'),
(544, '17', 40, 21, 1, 0, 3, 1, 'FINISHED', '2016-12-17', '15:00:00Z', '2017-07-03 08:49:57', '2017-07-03 08:49:57'),
(545, '17', 34, 24, 1, 0, 3, 1, 'FINISHED', '2016-12-17', '15:00:00Z', '2017-07-03 08:49:57', '2017-07-03 08:49:57'),
(546, '17', 26, 22, 2, 2, 3, 1, 'FINISHED', '2016-12-17', '15:00:00Z', '2017-07-03 08:49:57', '2017-07-03 08:49:57'),
(547, '17', 25, 32, 3, 0, 3, 1, 'FINISHED', '2016-12-17', '15:00:00Z', '2017-07-03 08:49:57', '2017-07-03 08:49:57'),
(548, '17', 30, 36, 0, 2, 3, 1, 'FINISHED', '2016-12-17', '17:30:00Z', '2017-07-03 08:49:57', '2017-07-03 08:49:57'),
(549, '17', 35, 23, 1, 3, 3, 1, 'FINISHED', '2016-12-18', '13:30:00Z', '2017-07-03 08:49:57', '2017-07-03 08:49:57'),
(550, '17', 33, 37, 2, 1, 3, 1, 'FINISHED', '2016-12-18', '16:00:00Z', '2017-07-03 08:49:57', '2017-07-03 08:49:57'),
(551, '17', 28, 31, 2, 1, 3, 1, 'FINISHED', '2016-12-18', '16:00:00Z', '2017-07-03 08:49:57', '2017-07-03 08:49:57'),
(552, '17', 27, 38, 0, 1, 3, 1, 'FINISHED', '2016-12-19', '20:00:00Z', '2017-07-03 08:49:57', '2017-07-03 08:49:57'),
(553, '18', 24, 29, 1, 1, 3, 1, 'FINISHED', '2016-12-26', '12:30:00Z', '2017-07-03 08:49:57', '2017-07-03 08:49:57'),
(554, '18', 37, 30, 1, 0, 3, 1, 'FINISHED', '2016-12-26', '15:00:00Z', '2017-07-03 08:49:57', '2017-07-03 08:49:57'),
(555, '18', 31, 25, 1, 0, 3, 1, 'FINISHED', '2016-12-26', '15:00:00Z', '2017-07-03 08:49:57', '2017-07-03 08:49:57'),
(556, '18', 39, 35, 3, 0, 3, 1, 'FINISHED', '2016-12-26', '15:00:00Z', '2017-07-03 08:49:57', '2017-07-03 08:49:57'),
(557, '18', 22, 27, 0, 2, 3, 1, 'FINISHED', '2016-12-26', '15:00:00Z', '2017-07-03 08:49:57', '2017-07-03 08:49:57'),
(558, '18', 36, 34, 3, 1, 3, 1, 'FINISHED', '2016-12-26', '15:00:00Z', '2017-07-03 08:49:57', '2017-07-03 08:49:57'),
(559, '18', 32, 40, 1, 4, 3, 1, 'FINISHED', '2016-12-26', '15:00:00Z', '2017-07-03 08:49:57', '2017-07-03 08:49:57'),
(560, '18', 21, 33, 0, 3, 3, 1, 'FINISHED', '2016-12-26', '17:15:00Z', '2017-07-03 08:49:57', '2017-07-03 08:49:57'),
(561, '18', 38, 26, 4, 1, 3, 1, 'FINISHED', '2016-12-27', '17:15:00Z', '2017-07-03 08:49:57', '2017-07-03 08:49:57'),
(562, '18', 23, 28, 1, 4, 3, 1, 'FINISHED', '2016-12-28', '19:45:00Z', '2017-07-03 08:49:57', '2017-07-03 08:49:57'),
(563, '19', 21, 27, 2, 2, 3, 1, 'FINISHED', '2016-12-30', '20:00:00Z', '2017-07-03 08:49:57', '2017-07-03 08:49:57'),
(564, '19', 39, 26, 4, 2, 3, 1, 'FINISHED', '2016-12-31', '15:00:00Z', '2017-07-03 08:49:57', '2017-07-03 08:49:57'),
(565, '19', 22, 40, 1, 0, 3, 1, 'FINISHED', '2016-12-31', '15:00:00Z', '2017-07-03 08:49:57', '2017-07-03 08:49:57'),
(566, '19', 36, 25, 2, 1, 3, 1, 'FINISHED', '2016-12-31', '15:00:00Z', '2017-07-03 08:49:57', '2017-07-03 08:49:57'),
(567, '19', 23, 30, 1, 2, 3, 1, 'FINISHED', '2016-12-31', '15:00:00Z', '2017-07-03 08:49:57', '2017-07-03 08:49:57'),
(568, '19', 32, 35, 0, 3, 3, 1, 'FINISHED', '2016-12-31', '15:00:00Z', '2017-07-03 08:49:58', '2017-07-03 08:49:58'),
(569, '19', 31, 34, 4, 1, 3, 1, 'FINISHED', '2016-12-31', '15:00:00Z', '2017-07-03 08:49:58', '2017-07-03 08:49:58'),
(570, '19', 38, 33, 1, 0, 3, 1, 'FINISHED', '2016-12-31', '17:30:00Z', '2017-07-03 08:49:58', '2017-07-03 08:49:58'),
(571, '19', 24, 28, 1, 4, 3, 1, 'FINISHED', '2017-01-01', '13:30:00Z', '2017-07-03 08:49:58', '2017-07-03 08:49:58'),
(572, '19', 37, 29, 2, 0, 3, 1, 'FINISHED', '2017-01-01', '16:00:00Z', '2017-07-03 08:49:58', '2017-07-03 08:49:58'),
(573, '20', 25, 22, 0, 0, 3, 1, 'FINISHED', '2017-01-02', '12:30:00Z', '2017-07-03 08:49:58', '2017-07-03 08:49:58'),
(574, '20', 27, 23, 3, 0, 3, 1, 'FINISHED', '2017-01-02', '15:00:00Z', '2017-07-03 08:49:58', '2017-07-03 08:49:58'),
(575, '20', 33, 31, 2, 1, 3, 1, 'FINISHED', '2017-01-02', '15:00:00Z', '2017-07-03 08:49:58', '2017-07-03 08:49:58'),
(576, '20', 34, 38, 2, 2, 3, 1, 'FINISHED', '2017-01-02', '15:00:00Z', '2017-07-03 08:49:58', '2017-07-03 08:49:58'),
(577, '20', 30, 21, 3, 1, 3, 1, 'FINISHED', '2017-01-02', '15:00:00Z', '2017-07-03 08:49:58', '2017-07-03 08:49:58'),
(578, '20', 40, 36, 0, 2, 3, 1, 'FINISHED', '2017-01-02', '17:15:00Z', '2017-07-03 08:49:58', '2017-07-03 08:49:58'),
(579, '20', 35, 37, 3, 3, 3, 1, 'FINISHED', '2017-01-03', '19:45:00Z', '2017-07-03 08:49:58', '2017-07-03 08:49:58'),
(580, '20', 26, 24, 2, 0, 3, 1, 'FINISHED', '2017-01-03', '20:00:00Z', '2017-07-03 08:49:58', '2017-07-03 08:49:58'),
(581, '20', 29, 32, 1, 2, 3, 1, 'FINISHED', '2017-01-03', '20:00:00Z', '2017-07-03 08:49:58', '2017-07-03 08:49:58'),
(582, '20', 28, 39, 2, 0, 3, 1, 'FINISHED', '2017-01-04', '20:00:00Z', '2017-07-03 08:49:58', '2017-07-03 08:49:58'),
(583, '21', 28, 30, 4, 0, 3, 1, 'FINISHED', '2017-01-14', '12:30:00Z', '2017-07-03 08:49:58', '2017-07-03 08:49:58'),
(584, '21', 31, 23, 1, 0, 3, 1, 'FINISHED', '2017-01-14', '15:00:00Z', '2017-07-03 08:49:58', '2017-07-03 08:49:58'),
(585, '21', 21, 35, 3, 1, 3, 1, 'FINISHED', '2017-01-14', '15:00:00Z', '2017-07-03 08:49:58', '2017-07-03 08:49:58'),
(586, '21', 34, 26, 1, 3, 3, 1, 'FINISHED', '2017-01-14', '15:00:00Z', '2017-07-03 08:49:58', '2017-07-03 08:49:58'),
(587, '21', 32, 37, 0, 4, 3, 1, 'FINISHED', '2017-01-14', '15:00:00Z', '2017-07-03 08:49:58', '2017-07-03 08:49:58'),
(588, '21', 24, 25, 0, 0, 3, 1, 'FINISHED', '2017-01-14', '15:00:00Z', '2017-07-03 08:49:58', '2017-07-03 08:49:58'),
(589, '21', 40, 29, 3, 0, 3, 1, 'FINISHED', '2017-01-14', '15:00:00Z', '2017-07-03 08:49:58', '2017-07-03 08:49:58'),
(590, '21', 22, 39, 0, 3, 3, 1, 'FINISHED', '2017-01-14', '17:30:00Z', '2017-07-03 08:49:58', '2017-07-03 08:49:58'),
(591, '21', 27, 33, 4, 0, 3, 1, 'FINISHED', '2017-01-15', '13:30:00Z', '2017-07-03 08:49:58', '2017-07-03 08:49:58'),
(592, '21', 36, 38, 1, 1, 3, 1, 'FINISHED', '2017-01-15', '16:00:00Z', '2017-07-03 08:49:59', '2017-07-03 08:49:59'),
(593, '22', 38, 32, 2, 3, 3, 1, 'FINISHED', '2017-01-21', '12:30:00Z', '2017-07-03 08:49:59', '2017-07-03 08:49:59'),
(594, '22', 25, 40, 1, 3, 3, 1, 'FINISHED', '2017-01-21', '15:00:00Z', '2017-07-03 08:49:59', '2017-07-03 08:49:59'),
(595, '22', 35, 24, 2, 2, 3, 1, 'FINISHED', '2017-01-21', '15:00:00Z', '2017-07-03 08:49:59', '2017-07-03 08:49:59'),
(596, '22', 26, 36, 1, 1, 3, 1, 'FINISHED', '2017-01-21', '15:00:00Z', '2017-07-03 08:49:59', '2017-07-03 08:49:59'),
(597, '22', 30, 34, 2, 0, 3, 1, 'FINISHED', '2017-01-21', '15:00:00Z', '2017-07-03 08:49:59', '2017-07-03 08:49:59'),
(598, '22', 29, 27, 0, 1, 3, 1, 'FINISHED', '2017-01-21', '15:00:00Z', '2017-07-03 08:49:59', '2017-07-03 08:49:59'),
(599, '22', 33, 28, 2, 2, 3, 1, 'FINISHED', '2017-01-21', '17:30:00Z', '2017-07-03 08:49:59', '2017-07-03 08:49:59'),
(600, '22', 23, 22, 3, 0, 3, 1, 'FINISHED', '2017-01-22', '12:00:00Z', '2017-07-03 08:49:59', '2017-07-03 08:49:59'),
(601, '22', 37, 31, 2, 1, 3, 1, 'FINISHED', '2017-01-22', '14:15:00Z', '2017-07-03 08:49:59', '2017-07-03 08:49:59'),
(602, '22', 39, 21, 2, 0, 3, 1, 'FINISHED', '2017-01-22', '16:30:00Z', '2017-07-03 08:49:59', '2017-07-03 08:49:59'),
(603, '23', 35, 29, 0, 2, 3, 1, 'FINISHED', '2017-01-31', '19:45:00Z', '2017-07-03 08:49:59', '2017-07-03 08:49:59'),
(604, '23', 37, 24, 1, 2, 3, 1, 'FINISHED', '2017-01-31', '19:45:00Z', '2017-07-03 08:49:59', '2017-07-03 08:49:59'),
(605, '23', 31, 22, 1, 0, 3, 1, 'FINISHED', '2017-01-31', '19:45:00Z', '2017-07-03 08:49:59', '2017-07-03 08:49:59'),
(606, '23', 25, 30, 1, 1, 3, 1, 'FINISHED', '2017-01-31', '19:45:00Z', '2017-07-03 08:49:59', '2017-07-03 08:49:59'),
(607, '23', 34, 28, 0, 0, 3, 1, 'FINISHED', '2017-01-31', '19:45:00Z', '2017-07-03 08:49:59', '2017-07-03 08:49:59'),
(608, '23', 32, 23, 2, 1, 3, 1, 'FINISHED', '2017-01-31', '19:45:00Z', '2017-07-03 08:49:59', '2017-07-03 08:49:59'),
(609, '23', 38, 39, 1, 1, 3, 1, 'FINISHED', '2017-01-31', '20:00:00Z', '2017-07-03 08:49:59', '2017-07-03 08:49:59'),
(610, '23', 40, 33, 0, 4, 3, 1, 'FINISHED', '2017-02-01', '19:45:00Z', '2017-07-03 08:49:59', '2017-07-03 08:49:59'),
(611, '23', 36, 21, 0, 0, 3, 1, 'FINISHED', '2017-02-01', '20:00:00Z', '2017-07-03 08:49:59', '2017-07-03 08:49:59'),
(612, '23', 26, 27, 1, 1, 3, 1, 'FINISHED', '2017-02-01', '20:00:00Z', '2017-07-03 08:49:59', '2017-07-03 08:49:59'),
(613, '24', 39, 37, 3, 1, 3, 1, 'FINISHED', '2017-02-04', '12:30:00Z', '2017-07-03 08:49:59', '2017-07-03 08:49:59'),
(614, '24', 29, 34, 0, 4, 3, 1, 'FINISHED', '2017-02-04', '15:00:00Z', '2017-07-03 08:49:59', '2017-07-03 08:49:59'),
(615, '24', 27, 35, 6, 3, 3, 1, 'FINISHED', '2017-02-04', '15:00:00Z', '2017-07-03 08:49:59', '2017-07-03 08:49:59'),
(616, '24', 21, 38, 2, 0, 3, 1, 'FINISHED', '2017-02-04', '15:00:00Z', '2017-07-03 08:49:59', '2017-07-03 08:49:59'),
(617, '24', 23, 40, 1, 3, 3, 1, 'FINISHED', '2017-02-04', '15:00:00Z', '2017-07-03 08:49:59', '2017-07-03 08:49:59'),
(618, '24', 24, 31, 2, 1, 3, 1, 'FINISHED', '2017-02-04', '15:00:00Z', '2017-07-03 08:50:00', '2017-07-03 08:50:00'),
(619, '24', 30, 26, 1, 0, 3, 1, 'FINISHED', '2017-02-04', '15:00:00Z', '2017-07-03 08:50:00', '2017-07-03 08:50:00'),
(620, '24', 28, 25, 1, 0, 3, 1, 'FINISHED', '2017-02-04', '17:30:00Z', '2017-07-03 08:50:00', '2017-07-03 08:50:00'),
(621, '24', 33, 32, 2, 1, 3, 1, 'FINISHED', '2017-02-05', '13:30:00Z', '2017-07-03 08:50:00', '2017-07-03 08:50:00'),
(622, '24', 22, 36, 0, 3, 3, 1, 'FINISHED', '2017-02-05', '16:00:00Z', '2017-07-03 08:50:00', '2017-07-03 08:50:00'),
(623, '25', 37, 21, 2, 0, 3, 1, 'FINISHED', '2017-02-11', '12:30:00Z', '2017-07-03 08:50:00', '2017-07-03 08:50:00'),
(624, '25', 36, 24, 2, 0, 3, 1, 'FINISHED', '2017-02-11', '15:00:00Z', '2017-07-03 08:50:00', '2017-07-03 08:50:00'),
(625, '25', 25, 27, 0, 0, 3, 1, 'FINISHED', '2017-02-11', '15:00:00Z', '2017-07-03 08:50:00', '2017-07-03 08:50:00'),
(626, '25', 26, 29, 1, 0, 3, 1, 'FINISHED', '2017-02-11', '15:00:00Z', '2017-07-03 08:50:00', '2017-07-03 08:50:00'),
(627, '25', 34, 23, 0, 4, 3, 1, 'FINISHED', '2017-02-11', '15:00:00Z', '2017-07-03 08:50:00', '2017-07-03 08:50:00'),
(628, '25', 40, 30, 2, 2, 3, 1, 'FINISHED', '2017-02-11', '15:00:00Z', '2017-07-03 08:50:00', '2017-07-03 08:50:00'),
(629, '25', 38, 28, 2, 0, 3, 1, 'FINISHED', '2017-02-11', '17:30:00Z', '2017-07-03 08:50:00', '2017-07-03 08:50:00'),
(630, '25', 31, 39, 1, 1, 3, 1, 'FINISHED', '2017-02-12', '13:30:00Z', '2017-07-03 08:50:00', '2017-07-03 08:50:00'),
(631, '25', 32, 22, 2, 0, 3, 1, 'FINISHED', '2017-02-12', '16:00:00Z', '2017-07-03 08:50:00', '2017-07-03 08:50:00'),
(632, '25', 35, 33, 0, 2, 3, 1, 'FINISHED', '2017-02-13', '20:00:00Z', '2017-07-03 08:50:00', '2017-07-03 08:50:00'),
(633, '26', 27, 34, 2, 0, 3, 1, 'FINISHED', '2017-02-25', '15:00:00Z', '2017-07-03 08:50:00', '2017-07-03 08:50:00'),
(634, '26', 39, 32, 3, 1, 3, 1, 'FINISHED', '2017-02-25', '15:00:00Z', '2017-07-03 08:50:00', '2017-07-03 08:50:00'),
(635, '26', 29, 25, 1, 0, 3, 1, 'FINISHED', '2017-02-25', '15:00:00Z', '2017-07-03 08:50:00', '2017-07-03 08:50:00'),
(636, '26', 30, 35, 2, 1, 3, 1, 'FINISHED', '2017-02-25', '15:00:00Z', '2017-07-03 08:50:00', '2017-07-03 08:50:00'),
(637, '26', 21, 31, 1, 1, 3, 1, 'FINISHED', '2017-02-25', '15:00:00Z', '2017-07-03 08:50:00', '2017-07-03 08:50:00'),
(638, '26', 24, 40, 1, 1, 3, 1, 'FINISHED', '2017-02-25', '17:30:00Z', '2017-07-03 08:50:00', '2017-07-03 08:50:00'),
(639, '26', 28, 26, 4, 0, 3, 1, 'FINISHED', '2017-02-26', '13:30:00Z', '2017-07-03 08:50:00', '2017-07-03 08:50:00'),
(640, '26', 22, 38, 3, 1, 3, 1, 'FINISHED', '2017-02-27', '20:00:00Z', '2017-07-03 08:50:00', '2017-07-03 08:50:00'),
(641, '27', 36, 35, 1, 1, 3, 1, 'FINISHED', '2017-03-04', '12:30:00Z', '2017-07-03 08:50:00', '2017-07-03 08:50:00'),
(642, '27', 22, 21, 3, 1, 3, 1, 'FINISHED', '2017-03-04', '15:00:00Z', '2017-07-03 08:50:01', '2017-07-03 08:50:01'),
(643, '27', 30, 29, 0, 2, 3, 1, 'FINISHED', '2017-03-04', '15:00:00Z', '2017-07-03 08:50:01', '2017-07-03 08:50:01'),
(644, '27', 24, 23, 3, 4, 3, 1, 'FINISHED', '2017-03-04', '15:00:00Z', '2017-07-03 08:50:01', '2017-07-03 08:50:01'),
(645, '27', 32, 31, 3, 2, 3, 1, 'FINISHED', '2017-03-04', '15:00:00Z', '2017-07-03 08:50:01', '2017-07-03 08:50:01'),
(646, '27', 26, 25, 2, 0, 3, 1, 'FINISHED', '2017-03-04', '15:00:00Z', '2017-07-03 08:50:01', '2017-07-03 08:50:01'),
(647, '27', 38, 37, 3, 1, 3, 1, 'FINISHED', '2017-03-04', '17:30:00Z', '2017-07-03 08:50:01', '2017-07-03 08:50:01'),
(648, '27', 28, 27, 3, 2, 3, 1, 'FINISHED', '2017-03-05', '13:30:00Z', '2017-07-03 08:50:01', '2017-07-03 08:50:01'),
(649, '27', 34, 33, 0, 2, 3, 1, 'FINISHED', '2017-03-05', '16:00:00Z', '2017-07-03 08:50:01', '2017-07-03 08:50:01'),
(650, '27', 40, 39, 1, 2, 3, 1, 'FINISHED', '2017-03-06', '20:00:00Z', '2017-07-03 08:50:01', '2017-07-03 08:50:01'),
(651, '28', 33, 26, 0, 0, 3, 1, 'FINISHED', '2017-03-08', '19:45:00Z', '2017-07-03 08:50:01', '2017-07-03 08:50:01'),
(652, '28', 27, 30, 3, 0, 3, 1, 'FINISHED', '2017-03-11', '15:00:00Z', '2017-07-03 08:50:01', '2017-07-03 08:50:01'),
(653, '28', 21, 32, 2, 1, 3, 1, 'FINISHED', '2017-03-11', '15:00:00Z', '2017-07-03 08:50:01', '2017-07-03 08:50:01'),
(654, '28', 35, 40, 3, 2, 3, 1, 'FINISHED', '2017-03-11', '15:00:00Z', '2017-07-03 08:50:01', '2017-07-03 08:50:01'),
(655, '28', 38, 31, 2, 1, 3, 1, 'FINISHED', '2017-03-12', '16:00:00Z', '2017-07-03 08:50:01', '2017-07-03 08:50:01'),
(656, '29', 30, 37, 3, 1, 3, 1, 'FINISHED', '2017-03-18', '12:30:00Z', '2017-07-03 08:50:01', '2017-07-03 08:50:01'),
(657, '29', 26, 39, 1, 2, 3, 1, 'FINISHED', '2017-03-18', '15:00:00Z', '2017-07-03 08:50:01', '2017-07-03 08:50:01'),
(658, '29', 34, 31, 0, 0, 3, 1, 'FINISHED', '2017-03-18', '15:00:00Z', '2017-07-03 08:50:01', '2017-07-03 08:50:01'),
(659, '29', 40, 22, 2, 3, 3, 1, 'FINISHED', '2017-03-18', '15:00:00Z', '2017-07-03 08:50:01', '2017-07-03 08:50:01'),
(660, '29', 27, 21, 4, 0, 3, 1, 'FINISHED', '2017-03-18', '16:00:00Z', '2017-07-03 08:50:01', '2017-07-03 08:50:01'),
(661, '29', 29, 24, 1, 0, 3, 1, 'FINISHED', '2017-03-18', '16:00:00Z', '2017-07-03 08:50:01', '2017-07-03 08:50:01'),
(662, '29', 35, 32, 2, 0, 3, 1, 'FINISHED', '2017-03-18', '18:30:00Z', '2017-07-03 08:50:01', '2017-07-03 08:50:01'),
(663, '29', 25, 36, 1, 3, 3, 1, 'FINISHED', '2017-03-19', '13:00:00Z', '2017-07-03 08:50:01', '2017-07-03 08:50:01'),
(664, '29', 28, 23, 2, 1, 3, 1, 'FINISHED', '2017-03-19', '15:15:00Z', '2017-07-03 08:50:02', '2017-07-03 08:50:02'),
(665, '29', 33, 38, 1, 1, 3, 1, 'FINISHED', '2017-03-19', '17:30:00Z', '2017-07-03 08:50:02', '2017-07-03 08:50:02'),
(666, '30', 38, 27, 3, 1, 3, 1, 'FINISHED', '2017-04-01', '11:30:00Z', '2017-07-03 08:50:02', '2017-07-03 08:50:02'),
(667, '30', 31, 28, 0, 2, 3, 1, 'FINISHED', '2017-04-01', '14:00:00Z', '2017-07-03 08:50:02', '2017-07-03 08:50:02'),
(668, '30', 21, 40, 2, 1, 3, 1, 'FINISHED', '2017-04-01', '14:00:00Z', '2017-07-03 08:50:02', '2017-07-03 08:50:02'),
(669, '30', 22, 26, 2, 0, 3, 1, 'FINISHED', '2017-04-01', '14:00:00Z', '2017-07-03 08:50:02', '2017-07-03 08:50:02'),
(670, '30', 39, 29, 1, 2, 3, 1, 'FINISHED', '2017-04-01', '14:00:00Z', '2017-07-03 08:50:02', '2017-07-03 08:50:02'),
(671, '30', 36, 30, 0, 0, 3, 1, 'FINISHED', '2017-04-01', '14:00:00Z', '2017-07-03 08:50:02', '2017-07-03 08:50:02'),
(672, '30', 24, 34, 1, 0, 3, 1, 'FINISHED', '2017-04-01', '14:00:00Z', '2017-07-03 08:50:02', '2017-07-03 08:50:02'),
(673, '30', 23, 35, 0, 0, 3, 1, 'FINISHED', '2017-04-01', '16:30:00Z', '2017-07-03 08:50:02', '2017-07-03 08:50:02'),
(674, '30', 32, 25, 0, 0, 3, 1, 'FINISHED', '2017-04-02', '12:30:00Z', '2017-07-03 08:50:02', '2017-07-03 08:50:02'),
(675, '30', 37, 33, 2, 2, 3, 1, 'FINISHED', '2017-04-02', '15:00:00Z', '2017-07-03 08:50:02', '2017-07-03 08:50:02'),
(676, '31', 22, 34, 2, 0, 3, 1, 'FINISHED', '2017-04-04', '18:45:00Z', '2017-07-03 08:50:02', '2017-07-03 08:50:02'),
(677, '31', 24, 30, 2, 0, 3, 1, 'FINISHED', '2017-04-04', '18:45:00Z', '2017-07-03 08:50:02', '2017-07-03 08:50:02'),
(678, '31', 31, 26, 1, 0, 3, 1, 'FINISHED', '2017-04-04', '18:45:00Z', '2017-07-03 08:50:02', '2017-07-03 08:50:02'),
(679, '31', 36, 27, 1, 1, 3, 1, 'FINISHED', '2017-04-04', '19:00:00Z', '2017-07-03 08:50:02', '2017-07-03 08:50:02'),
(680, '31', 23, 29, 3, 1, 3, 1, 'FINISHED', '2017-04-05', '18:45:00Z', '2017-07-03 08:50:02', '2017-07-03 08:50:02'),
(681, '31', 32, 28, 1, 3, 3, 1, 'FINISHED', '2017-04-05', '18:45:00Z', '2017-07-03 08:50:02', '2017-07-03 08:50:02'),
(682, '31', 37, 40, 3, 0, 3, 1, 'FINISHED', '2017-04-05', '18:45:00Z', '2017-07-03 08:50:02', '2017-07-03 08:50:02'),
(683, '31', 21, 25, 4, 2, 3, 1, 'FINISHED', '2017-04-05', '18:45:00Z', '2017-07-03 08:50:02', '2017-07-03 08:50:02'),
(684, '31', 39, 33, 2, 1, 3, 1, 'FINISHED', '2017-04-05', '19:00:00Z', '2017-07-03 08:50:02', '2017-07-03 08:50:02'),
(685, '31', 38, 35, 2, 2, 3, 1, 'FINISHED', '2017-04-05', '19:00:00Z', '2017-07-03 08:50:02', '2017-07-03 08:50:02'),
(686, '32', 28, 24, 4, 0, 3, 1, 'FINISHED', '2017-04-08', '11:30:00Z', '2017-07-03 08:50:02', '2017-07-03 08:50:02'),
(687, '32', 26, 38, 1, 2, 3, 1, 'FINISHED', '2017-04-08', '14:00:00Z', '2017-07-03 08:50:02', '2017-07-03 08:50:02'),
(688, '32', 25, 31, 0, 0, 3, 1, 'FINISHED', '2017-04-08', '14:00:00Z', '2017-07-03 08:50:03', '2017-07-03 08:50:03'),
(689, '32', 33, 21, 3, 1, 3, 1, 'FINISHED', '2017-04-08', '14:00:00Z', '2017-07-03 08:50:03', '2017-07-03 08:50:03'),
(690, '32', 30, 23, 0, 1, 3, 1, 'FINISHED', '2017-04-08', '14:00:00Z', '2017-07-03 08:50:03', '2017-07-03 08:50:03'),
(691, '32', 40, 32, 1, 0, 3, 1, 'FINISHED', '2017-04-08', '14:00:00Z', '2017-07-03 08:50:03', '2017-07-03 08:50:03'),
(692, '32', 35, 39, 1, 3, 3, 1, 'FINISHED', '2017-04-08', '16:30:00Z', '2017-07-03 08:50:03', '2017-07-03 08:50:03'),
(693, '32', 34, 36, 0, 3, 3, 1, 'FINISHED', '2017-04-09', '12:30:00Z', '2017-07-03 08:50:03', '2017-07-03 08:50:03'),
(694, '32', 27, 22, 4, 2, 3, 1, 'FINISHED', '2017-04-09', '15:00:00Z', '2017-07-03 08:50:03', '2017-07-03 08:50:03'),
(695, '32', 29, 37, 3, 0, 3, 1, 'FINISHED', '2017-04-10', '19:00:00Z', '2017-07-03 08:50:03', '2017-07-03 08:50:03'),
(696, '33', 28, 35, 4, 0, 3, 1, 'FINISHED', '2017-04-15', '11:30:00Z', '2017-07-03 08:50:03', '2017-07-03 08:50:03'),
(697, '33', 26, 21, 3, 1, 3, 1, 'FINISHED', '2017-04-15', '14:00:00Z', '2017-07-03 08:50:03', '2017-07-03 08:50:03'),
(698, '33', 29, 22, 2, 2, 3, 1, 'FINISHED', '2017-04-15', '14:00:00Z', '2017-07-03 08:50:03', '2017-07-03 08:50:03'),
(699, '33', 34, 40, 2, 2, 3, 1, 'FINISHED', '2017-04-15', '14:00:00Z', '2017-07-03 08:50:03', '2017-07-03 08:50:03'),
(700, '33', 24, 32, 1, 0, 3, 1, 'FINISHED', '2017-04-15', '14:00:00Z', '2017-07-03 08:50:03', '2017-07-03 08:50:03'),
(701, '33', 27, 31, 3, 1, 3, 1, 'FINISHED', '2017-04-15', '14:00:00Z', '2017-07-03 08:50:03', '2017-07-03 08:50:03'),
(702, '33', 23, 33, 0, 3, 3, 1, 'FINISHED', '2017-04-15', '16:30:00Z', '2017-07-03 08:50:03', '2017-07-03 08:50:03'),
(703, '33', 30, 38, 0, 1, 3, 1, 'FINISHED', '2017-04-16', '12:30:00Z', '2017-07-03 08:50:03', '2017-07-03 08:50:03'),
(704, '33', 36, 39, 2, 0, 3, 1, 'FINISHED', '2017-04-16', '15:00:00Z', '2017-07-03 08:50:03', '2017-07-03 08:50:03'),
(705, '33', 25, 37, 1, 2, 3, 1, 'FINISHED', '2017-04-17', '19:00:00Z', '2017-07-03 08:50:03', '2017-07-03 08:50:03'),
(706, '34', 40, 27, 0, 0, 3, 1, 'FINISHED', '2017-04-22', '14:00:00Z', '2017-07-03 08:50:03', '2017-07-03 08:50:03'),
(707, '34', 32, 26, 2, 0, 3, 1, 'FINISHED', '2017-04-22', '14:00:00Z', '2017-07-03 08:50:03', '2017-07-03 08:50:03'),
(708, '34', 35, 25, 4, 0, 3, 1, 'FINISHED', '2017-04-22', '14:00:00Z', '2017-07-03 08:50:03', '2017-07-03 08:50:03'),
(709, '34', 21, 24, 2, 0, 3, 1, 'FINISHED', '2017-04-22', '14:00:00Z', '2017-07-03 08:50:03', '2017-07-03 08:50:03'),
(710, '34', 31, 36, 0, 2, 3, 1, 'FINISHED', '2017-04-23', '13:15:00Z', '2017-07-03 08:50:03', '2017-07-03 08:50:03'),
(711, '34', 38, 29, 1, 2, 3, 1, 'FINISHED', '2017-04-23', '15:30:00Z', '2017-07-03 08:50:03', '2017-07-03 08:50:03'),
(712, '34', 39, 23, 4, 2, 3, 1, 'FINISHED', '2017-04-25', '18:45:00Z', '2017-07-03 08:50:04', '2017-07-03 08:50:04'),
(713, '28', 25, 34, 1, 0, 3, 1, 'FINISHED', '2017-04-26', '18:45:00Z', '2017-07-03 08:50:04', '2017-07-03 08:50:04'),
(714, '28', 29, 28, 0, 1, 3, 1, 'FINISHED', '2017-04-26', '19:00:00Z', '2017-07-03 08:50:04', '2017-07-03 08:50:04'),
(715, '26', 33, 36, 0, 0, 3, 1, 'FINISHED', '2017-04-27', '19:00:00Z', '2017-07-03 08:50:04', '2017-07-03 08:50:04'),
(716, '35', 26, 40, 0, 0, 3, 1, 'FINISHED', '2017-04-29', '14:00:00Z', '2017-07-03 08:50:04', '2017-07-03 08:50:04'),
(717, '35', 34, 35, 0, 1, 3, 1, 'FINISHED', '2017-04-29', '14:00:00Z', '2017-07-03 08:50:04', '2017-07-03 08:50:04'),
(718, '35', 30, 22, 0, 1, 3, 1, 'FINISHED', '2017-04-29', '14:00:00Z', '2017-07-03 08:50:04', '2017-07-03 08:50:04'),
(719, '35', 23, 21, 0, 0, 3, 1, 'FINISHED', '2017-04-29', '14:00:00Z', '2017-07-03 08:50:04', '2017-07-03 08:50:04'),
(720, '35', 29, 31, 0, 2, 3, 1, 'FINISHED', '2017-04-29', '16:30:00Z', '2017-07-03 08:50:04', '2017-07-03 08:50:04'),
(721, '35', 36, 32, 1, 1, 3, 1, 'FINISHED', '2017-04-30', '11:00:00Z', '2017-07-03 08:50:04', '2017-07-03 08:50:04'),
(722, '35', 27, 39, 0, 3, 3, 1, 'FINISHED', '2017-04-30', '13:05:00Z', '2017-07-03 08:50:04', '2017-07-03 08:50:04'),
(723, '35', 25, 33, 2, 2, 3, 1, 'FINISHED', '2017-04-30', '13:05:00Z', '2017-07-03 08:50:04', '2017-07-03 08:50:04'),
(724, '35', 28, 37, 2, 0, 3, 1, 'FINISHED', '2017-04-30', '15:30:00Z', '2017-07-03 08:50:04', '2017-07-03 08:50:04'),
(725, '35', 24, 38, 0, 1, 3, 1, 'FINISHED', '2017-05-01', '13:00:00Z', '2017-07-03 08:50:04', '2017-07-03 08:50:04'),
(726, '36', 40, 28, 1, 0, 3, 1, 'FINISHED', '2017-05-05', '19:00:00Z', '2017-07-03 08:50:04', '2017-07-03 08:50:04'),
(727, '36', 33, 29, 5, 0, 3, 1, 'FINISHED', '2017-05-06', '11:30:00Z', '2017-07-03 08:50:04', '2017-07-03 08:50:04'),
(728, '36', 31, 30, 2, 2, 3, 1, 'FINISHED', '2017-05-06', '14:00:00Z', '2017-07-03 08:50:04', '2017-07-03 08:50:04'),
(729, '36', 21, 34, 0, 2, 3, 1, 'FINISHED', '2017-05-06', '14:00:00Z', '2017-07-03 08:50:04', '2017-07-03 08:50:04'),
(730, '36', 22, 24, 3, 0, 3, 1, 'FINISHED', '2017-05-06', '14:00:00Z', '2017-07-03 08:50:04', '2017-07-03 08:50:04'),
(731, '36', 35, 26, 2, 2, 3, 1, 'FINISHED', '2017-05-06', '14:00:00Z', '2017-07-03 08:50:04', '2017-07-03 08:50:04'),
(732, '36', 32, 27, 1, 0, 3, 1, 'FINISHED', '2017-05-06', '16:30:00Z', '2017-07-03 08:50:04', '2017-07-03 08:50:04'),
(733, '36', 38, 23, 0, 0, 3, 1, 'FINISHED', '2017-05-07', '12:30:00Z', '2017-07-03 08:50:04', '2017-07-03 08:50:04'),
(734, '36', 37, 36, 2, 0, 3, 1, 'FINISHED', '2017-05-07', '15:00:00Z', '2017-07-03 08:50:04', '2017-07-03 08:50:04'),
(735, '36', 39, 25, 3, 0, 3, 1, 'FINISHED', '2017-05-08', '19:00:00Z', '2017-07-03 08:50:04', '2017-07-03 08:50:04'),
(736, '26', 23, 37, 0, 2, 3, 1, 'FINISHED', '2017-05-10', '18:45:00Z', '2017-07-03 08:50:04', '2017-07-03 08:50:04'),
(737, '37', 27, 24, 1, 0, 3, 1, 'FINISHED', '2017-05-12', '18:45:00Z', '2017-07-03 08:50:04', '2017-07-03 08:50:04'),
(738, '37', 30, 39, 0, 1, 3, 1, 'FINISHED', '2017-05-12', '19:00:00Z', '2017-07-03 08:50:04', '2017-07-03 08:50:04'),
(739, '37', 33, 22, 2, 1, 3, 1, 'FINISHED', '2017-05-13', '11:30:00Z', '2017-07-03 08:50:04', '2017-07-03 08:50:04'),
(740, '37', 34, 32, 0, 2, 3, 1, 'FINISHED', '2017-05-13', '14:00:00Z', '2017-07-03 08:50:04', '2017-07-03 08:50:04'),
(741, '37', 25, 23, 1, 2, 3, 1, 'FINISHED', '2017-05-13', '14:00:00Z', '2017-07-03 08:50:04', '2017-07-03 08:50:04'),
(742, '37', 35, 31, 2, 1, 3, 1, 'FINISHED', '2017-05-13', '14:00:00Z', '2017-07-03 08:50:04', '2017-07-03 08:50:04'),
(743, '37', 26, 37, 1, 4, 3, 1, 'FINISHED', '2017-05-13', '16:30:00Z', '2017-07-03 08:50:04', '2017-07-03 08:50:04'),
(744, '37', 29, 21, 4, 0, 3, 1, 'FINISHED', '2017-05-14', '11:00:00Z', '2017-07-03 08:50:05', '2017-07-03 08:50:05'),
(745, '37', 40, 38, 0, 4, 3, 1, 'FINISHED', '2017-05-14', '13:15:00Z', '2017-07-03 08:50:05', '2017-07-03 08:50:05'),
(746, '37', 28, 36, 2, 1, 3, 1, 'FINISHED', '2017-05-14', '15:30:00Z', '2017-07-03 08:50:05', '2017-07-03 08:50:05'),
(747, '28', 39, 24, 4, 3, 3, 1, 'FINISHED', '2017-05-15', '19:00:00Z', '2017-07-03 08:50:05', '2017-07-03 08:50:05'),
(748, '34', 37, 34, 2, 0, 3, 1, 'FINISHED', '2017-05-16', '18:45:00Z', '2017-07-03 08:50:05', '2017-07-03 08:50:05'),
(749, '34', 33, 30, 3, 1, 3, 1, 'FINISHED', '2017-05-16', '19:00:00Z', '2017-07-03 08:50:05', '2017-07-03 08:50:05'),
(750, '28', 23, 36, 0, 0, 3, 1, 'FINISHED', '2017-05-17', '18:45:00Z', '2017-07-03 08:50:05', '2017-07-03 08:50:05'),
(751, '34', 22, 28, 1, 6, 3, 1, 'FINISHED', '2017-05-18', '18:45:00Z', '2017-07-03 08:50:05', '2017-07-03 08:50:05'),
(752, '38', 31, 40, 1, 2, 3, 1, 'FINISHED', '2017-05-21', '14:00:00Z', '2017-07-03 08:50:05', '2017-07-03 08:50:05'),
(753, '38', 39, 34, 5, 1, 3, 1, 'FINISHED', '2017-05-21', '14:00:00Z', '2017-07-03 08:50:05', '2017-07-03 08:50:05'),
(754, '38', 21, 28, 1, 7, 3, 1, 'FINISHED', '2017-05-21', '14:00:00Z', '2017-07-03 08:50:05', '2017-07-03 08:50:05'),
(755, '38', 22, 35, 1, 1, 3, 1, 'FINISHED', '2017-05-21', '14:00:00Z', '2017-07-03 08:50:05', '2017-07-03 08:50:05'),
(756, '38', 36, 29, 2, 0, 3, 1, 'FINISHED', '2017-05-21', '14:00:00Z', '2017-07-03 08:50:05', '2017-07-03 08:50:05'),
(757, '38', 23, 26, 0, 1, 3, 1, 'FINISHED', '2017-05-21', '14:00:00Z', '2017-07-03 08:50:05', '2017-07-03 08:50:05'),
(758, '38', 32, 30, 2, 1, 3, 1, 'FINISHED', '2017-05-21', '14:00:00Z', '2017-07-03 08:50:05', '2017-07-03 08:50:05'),
(759, '38', 24, 33, 0, 5, 3, 1, 'FINISHED', '2017-05-21', '14:00:00Z', '2017-07-03 08:50:05', '2017-07-03 08:50:05'),
(760, '38', 37, 27, 3, 1, 3, 1, 'FINISHED', '2017-05-21', '14:00:00Z', '2017-07-03 08:50:05', '2017-07-03 08:50:05'),
(761, '38', 38, 25, 3, 0, 3, 1, 'FINISHED', '2017-05-21', '14:00:00Z', '2017-07-03 08:50:05', '2017-07-03 08:50:05');

-- --------------------------------------------------------

--
-- Estructura de tabla para la tabla `migrations`
--

CREATE TABLE IF NOT EXISTS `migrations` (
  `migration` varchar(255) COLLATE utf8_unicode_ci NOT NULL,
  `batch` int(11) NOT NULL
) ENGINE=InnoDB DEFAULT CHARSET=utf8 COLLATE=utf8_unicode_ci;

--
-- Volcado de datos para la tabla `migrations`
--

INSERT INTO `migrations` (`migration`, `batch`) VALUES
('2014_10_12_100000_create_password_resets_table', 1),
('2016_10_09_155233_add_states_table', 1),
('2016_10_30_193813_add_teams_table', 1),
('2016_10_30_193918_add_sports_table', 1),
('2016_10_30_193919_add_seasons_table', 1),
('2016_10_30_193920_add_tablepostions_table', 1),
('2016_10_30_194053_add_detailseasons_table', 1),
('2016_11_02_021156_add_betgroups_table', 1),
('2016_11_18_051147_add_detailbetgroups_table', 1),
('2016_11_19_194110_add_detailgames_table', 2),
('2016_10_09_155234_create_users_table', 3);

-- --------------------------------------------------------

--
-- Estructura de tabla para la tabla `password_resets`
--

CREATE TABLE IF NOT EXISTS `password_resets` (
  `email` varchar(255) COLLATE utf8_unicode_ci NOT NULL,
  `token` varchar(255) COLLATE utf8_unicode_ci NOT NULL,
  `created_at` timestamp NOT NULL,
  KEY `password_resets_email_index` (`email`),
  KEY `password_resets_token_index` (`token`)
) ENGINE=InnoDB DEFAULT CHARSET=utf8 COLLATE=utf8_unicode_ci;

-- --------------------------------------------------------

--
-- Estructura de tabla para la tabla `seasons`
--

CREATE TABLE IF NOT EXISTS `seasons` (
  `id` int(10) unsigned NOT NULL AUTO_INCREMENT,
  `season` varchar(255) COLLATE utf8_unicode_ci NOT NULL,
  `year` int(11) NOT NULL,
  `current_match` int(11) NOT NULL,
  `total_match` int(11) NOT NULL,
  `id_api_season` int(11) NOT NULL,
  `id_sport` int(10) unsigned NOT NULL,
  `id_state` int(10) unsigned NOT NULL,
  `created_at` timestamp NULL DEFAULT NULL,
  `updated_at` timestamp NULL DEFAULT NULL,
  PRIMARY KEY (`id`),
  KEY `seasons_id_sport_foreign` (`id_sport`),
  KEY `seasons_id_state_foreign` (`id_state`)
) ENGINE=InnoDB  DEFAULT CHARSET=utf8 COLLATE=utf8_unicode_ci AUTO_INCREMENT=4 ;

--
-- Volcado de datos para la tabla `seasons`
--

INSERT INTO `seasons` (`id`, `season`, `year`, `current_match`, `total_match`, `id_api_season`, `id_sport`, `id_state`, `created_at`, `updated_at`) VALUES
(3, 'Premier League 2016/17', 2016, 1, 38, 426, 1, 1, '2017-07-03 08:49:47', '2017-07-03 08:49:47');

-- --------------------------------------------------------

--
-- Estructura de tabla para la tabla `sports`
--

CREATE TABLE IF NOT EXISTS `sports` (
  `id` int(10) unsigned NOT NULL AUTO_INCREMENT,
  `sport` varchar(255) COLLATE utf8_unicode_ci NOT NULL,
  `created_at` timestamp NULL DEFAULT NULL,
  `updated_at` timestamp NULL DEFAULT NULL,
  PRIMARY KEY (`id`)
) ENGINE=InnoDB  DEFAULT CHARSET=utf8 COLLATE=utf8_unicode_ci AUTO_INCREMENT=2 ;

--
-- Volcado de datos para la tabla `sports`
--

INSERT INTO `sports` (`id`, `sport`, `created_at`, `updated_at`) VALUES
(1, 'Soccer', '2016-11-03 18:46:19', '2016-11-03 18:46:19');

-- --------------------------------------------------------

--
-- Estructura de tabla para la tabla `states`
--

CREATE TABLE IF NOT EXISTS `states` (
  `id` int(10) unsigned NOT NULL AUTO_INCREMENT,
  `name` varchar(255) COLLATE utf8_unicode_ci NOT NULL,
  `created_at` timestamp NULL DEFAULT NULL,
  `updated_at` timestamp NULL DEFAULT NULL,
  PRIMARY KEY (`id`)
) ENGINE=InnoDB  DEFAULT CHARSET=utf8 COLLATE=utf8_unicode_ci AUTO_INCREMENT=3 ;

--
-- Volcado de datos para la tabla `states`
--

INSERT INTO `states` (`id`, `name`, `created_at`, `updated_at`) VALUES
(1, 'Enable', '2016-10-11 17:30:50', '2016-10-11 17:30:50'),
(2, 'Disable', '2016-10-11 17:31:17', '2016-10-11 17:31:17');

-- --------------------------------------------------------

--
-- Estructura de tabla para la tabla `tablepositions`
--

CREATE TABLE IF NOT EXISTS `tablepositions` (
  `id` int(10) unsigned NOT NULL AUTO_INCREMENT,
  `id_team` int(10) unsigned NOT NULL,
  `games_played` int(11) NOT NULL,
  `points` int(11) NOT NULL,
  `id_season` int(10) unsigned NOT NULL,
  `created_at` timestamp NULL DEFAULT NULL,
  `updated_at` timestamp NULL DEFAULT NULL,
  PRIMARY KEY (`id`),
  KEY `tablepositions_id_team_foreign` (`id_team`),
  KEY `tablepositions_id_season_foreign` (`id_season`)
) ENGINE=InnoDB DEFAULT CHARSET=utf8 COLLATE=utf8_unicode_ci AUTO_INCREMENT=1 ;

-- --------------------------------------------------------

--
-- Estructura de tabla para la tabla `teams`
--

CREATE TABLE IF NOT EXISTS `teams` (
  `id` int(10) unsigned NOT NULL AUTO_INCREMENT,
  `team` varchar(255) COLLATE utf8_unicode_ci NOT NULL,
  `created_at` timestamp NULL DEFAULT NULL,
  `updated_at` timestamp NULL DEFAULT NULL,
  PRIMARY KEY (`id`)
) ENGINE=InnoDB  DEFAULT CHARSET=utf8 COLLATE=utf8_unicode_ci AUTO_INCREMENT=41 ;

--
-- Volcado de datos para la tabla `teams`
--

INSERT INTO `teams` (`id`, `team`, `created_at`, `updated_at`) VALUES
(21, 'Hull City FC', '2017-07-03 08:49:47', '2017-07-03 08:49:47'),
(22, 'Leicester City FC', '2017-07-03 08:49:47', '2017-07-03 08:49:47'),
(23, 'Southampton FC', '2017-07-03 08:49:47', '2017-07-03 08:49:47'),
(24, 'Watford FC', '2017-07-03 08:49:47', '2017-07-03 08:49:47'),
(25, 'Middlesbrough FC', '2017-07-03 08:49:47', '2017-07-03 08:49:47'),
(26, 'Stoke City FC', '2017-07-03 08:49:47', '2017-07-03 08:49:47'),
(27, 'Everton FC', '2017-07-03 08:49:47', '2017-07-03 08:49:47'),
(28, 'Tottenham Hotspur FC', '2017-07-03 08:49:47', '2017-07-03 08:49:47'),
(29, 'Crystal Palace FC', '2017-07-03 08:49:47', '2017-07-03 08:49:47'),
(30, 'West Bromwich Albion FC', '2017-07-03 08:49:47', '2017-07-03 08:49:47'),
(31, 'Burnley FC', '2017-07-03 08:49:47', '2017-07-03 08:49:47'),
(32, 'Swansea City FC', '2017-07-03 08:49:47', '2017-07-03 08:49:47'),
(33, 'Manchester City FC', '2017-07-03 08:49:47', '2017-07-03 08:49:47'),
(34, 'Sunderland AFC', '2017-07-03 08:49:47', '2017-07-03 08:49:47'),
(35, 'AFC Bournemouth', '2017-07-03 08:49:47', '2017-07-03 08:49:47'),
(36, 'Manchester United FC', '2017-07-03 08:49:48', '2017-07-03 08:49:48'),
(37, 'Arsenal FC', '2017-07-03 08:49:48', '2017-07-03 08:49:48'),
(38, 'Liverpool FC', '2017-07-03 08:49:48', '2017-07-03 08:49:48'),
(39, 'Chelsea FC', '2017-07-03 08:49:48', '2017-07-03 08:49:48'),
(40, 'West Ham United FC', '2017-07-03 08:49:48', '2017-07-03 08:49:48');

-- --------------------------------------------------------

--
-- Estructura de tabla para la tabla `users`
--

CREATE TABLE IF NOT EXISTS `users` (
  `id` int(10) unsigned NOT NULL AUTO_INCREMENT,
  `title` varchar(10) COLLATE utf8_unicode_ci NOT NULL,
  `name` varchar(255) COLLATE utf8_unicode_ci NOT NULL,
  `surname` varchar(255) COLLATE utf8_unicode_ci NOT NULL,
  `birth_date` date NOT NULL,
  `email` varchar(255) COLLATE utf8_unicode_ci NOT NULL,
  `phone_number` varchar(255) COLLATE utf8_unicode_ci NOT NULL,
  `country` varchar(255) COLLATE utf8_unicode_ci NOT NULL,
  `username` varchar(255) COLLATE utf8_unicode_ci NOT NULL,
  `password` varchar(60) COLLATE utf8_unicode_ci NOT NULL,
  `security_question` varchar(255) COLLATE utf8_unicode_ci NOT NULL,
  `security_answer` varchar(255) COLLATE utf8_unicode_ci NOT NULL,
  `user_type` enum('member','admin') COLLATE utf8_unicode_ci NOT NULL DEFAULT 'member',
  `deposit_limit` int(11) DEFAULT NULL,
  `date_register_deposit_limit` varchar(255) COLLATE utf8_unicode_ci DEFAULT NULL,
  `state_id` int(10) unsigned NOT NULL,
  `balance` double(8,2) NOT NULL DEFAULT '0.00',
  `remember_token` varchar(100) COLLATE utf8_unicode_ci DEFAULT NULL,
  `created_at` timestamp NULL DEFAULT NULL,
  `updated_at` timestamp NULL DEFAULT NULL,
  PRIMARY KEY (`id`),
  UNIQUE KEY `users_email_unique` (`email`),
  KEY `users_state_id_foreign` (`state_id`)
) ENGINE=InnoDB  DEFAULT CHARSET=utf8 COLLATE=utf8_unicode_ci AUTO_INCREMENT=31 ;

--
-- Volcado de datos para la tabla `users`
--

INSERT INTO `users` (`id`, `title`, `name`, `surname`, `birth_date`, `email`, `phone_number`, `country`, `username`, `password`, `security_question`, `security_answer`, `user_type`, `deposit_limit`, `date_register_deposit_limit`, `state_id`, `balance`, `remember_token`, `created_at`, `updated_at`) VALUES
(8, 'Mr.', 'Ernesto', 'Quezada', '1990-06-24', 'ernestoquezada@prueba.com', '24023456', 'United States', 'EQUEZADA', '$2y$10$3J66i7X7rstiI0lgMO7Ka.tHEAURiDwq3aRn0tFflBHNPI/FFPucm', 'Select Question', 'Security Answer', 'member', NULL, NULL, 1, 20.00, 'tpskeUggzLLQ5xa3KDVX31vwAhJVRgLELJ0POHchkgC8D5vrjbWqD1RH1VMl', '2016-10-13 23:37:44', '2017-07-03 11:36:31'),
(24, 'Mr.', 'Luis', 'Hernandez', '1998-02-05', 'prueba@prueba.com', '22909090', 'United States', 'LHERNANDEZ', '$2y$10$3J66i7X7rstiI0lgMO7Ka.tHEAURiDwq3aRn0tFflBHNPI/FFPucm', 'Select Question', 'pregunta seguridad', 'admin', NULL, NULL, 1, 25.00, '8I5Dag6XmyVolIX2RWiCfER6L8OMVYRHlHBECvtaIrTBTvt11gzyMQLFbl6v', '2016-10-21 00:21:47', '2017-07-03 09:00:24'),
(25, 'Mr.', 'Ernesto', 'Quezada1', '1990-06-24', 'ernestoquezada1@prueba.com', '24023456', 'United States', 'EQUEZADA', '$2y$10$3J66i7X7rstiI0lgMO7Ka.tHEAURiDwq3aRn0tFflBHNPI/FFPucm', 'Select Question', 'Security Answer', 'member', NULL, NULL, 1, 25.00, '1mAJN77hSwycfH4vSrHnNvIdIEB8tPrMnFV2j9Se1hRSFWUOiXvZ610FkTeA', '2016-10-13 23:37:44', '2017-02-27 13:20:38'),
(29, 'Mr.', 'test', 'test', '1995-03-12', 'luisf.hernandez92@gmail.com', '22334455', 'United Kingdom', 'test1', '$2y$10$3J66i7X7rstiI0lgMO7Ka.tHEAURiDwq3aRn0tFflBHNPI/FFPucm', 'What was the name of your first pet?', 'test', 'member', NULL, NULL, 1, 25.00, 'o12ZnvtLfG8LDLNrinAuCw6RCY5PEVVM27A6r8ZEwwv7Q3K301PvN959JA2U', '2017-01-10 05:35:27', '2017-01-23 06:41:47'),
(30, 'Mr.', 'Luis', 'Hernández', '1992-02-14', 'lhernandez@gtecnologica.com', '25280314', 'El Salvador', 'admin', '$2y$10$R1NpjlxkKxjn0ojCgvFtQevwq5ZZBuGCibI6uSuYdNCNCFxbdakM.', 'What is your mother''s maiden name?', 'nora', 'member', NULL, NULL, 1, 150.00, 'AM2YhLnroY2cIATRmxBgTq2comCOPXWrzWKhGYBqUNFfEK7AOde2Eb0Ff0PS', '2018-04-23 23:26:01', '2018-04-23 23:28:02');

--
-- Restricciones para tablas volcadas
--

--
-- Filtros para la tabla `betgroups`
--
ALTER TABLE `betgroups`
  ADD CONSTRAINT `betgroups_id_season_foreign` FOREIGN KEY (`id_season`) REFERENCES `seasons` (`id`),
  ADD CONSTRAINT `betgroups_id_state_foreign` FOREIGN KEY (`id_state`) REFERENCES `states` (`id`);

--
-- Filtros para la tabla `detailbetgroups`
--
ALTER TABLE `detailbetgroups`
  ADD CONSTRAINT `detailbetgroups_id_group_foreign` FOREIGN KEY (`id_group`) REFERENCES `betgroups` (`id`),
  ADD CONSTRAINT `detailbetgroups_id_user_foreign` FOREIGN KEY (`id_user`) REFERENCES `users` (`id`);

--
-- Filtros para la tabla `detailgames`
--
ALTER TABLE `detailgames`
  ADD CONSTRAINT `detailgames_id_betgroup_foreign` FOREIGN KEY (`id_betgroup`) REFERENCES `betgroups` (`id`),
  ADD CONSTRAINT `detailgames_id_detail_season_foreign` FOREIGN KEY (`id_detail_season`) REFERENCES `detailseasons` (`id`),
  ADD CONSTRAINT `detailgames_id_season_foreign` FOREIGN KEY (`id_season`) REFERENCES `seasons` (`id`),
  ADD CONSTRAINT `detailgames_id_user_foreign` FOREIGN KEY (`id_user`) REFERENCES `users` (`id`);

--
-- Filtros para la tabla `detailseasons`
--
ALTER TABLE `detailseasons`
  ADD CONSTRAINT `detailseasons_id_home_team_foreign` FOREIGN KEY (`id_home_team`) REFERENCES `teams` (`id`),
  ADD CONSTRAINT `detailseasons_id_season_foreign` FOREIGN KEY (`id_season`) REFERENCES `seasons` (`id`),
  ADD CONSTRAINT `detailseasons_id_state_foreign` FOREIGN KEY (`id_state`) REFERENCES `states` (`id`),
  ADD CONSTRAINT `detailseasons_id_visit_team_foreign` FOREIGN KEY (`id_visit_team`) REFERENCES `teams` (`id`);

--
-- Filtros para la tabla `seasons`
--
ALTER TABLE `seasons`
  ADD CONSTRAINT `seasons_id_sport_foreign` FOREIGN KEY (`id_sport`) REFERENCES `sports` (`id`),
  ADD CONSTRAINT `seasons_id_state_foreign` FOREIGN KEY (`id_state`) REFERENCES `states` (`id`);

--
-- Filtros para la tabla `tablepositions`
--
ALTER TABLE `tablepositions`
  ADD CONSTRAINT `tablepositions_id_season_foreign` FOREIGN KEY (`id_season`) REFERENCES `seasons` (`id`),
  ADD CONSTRAINT `tablepositions_id_team_foreign` FOREIGN KEY (`id_team`) REFERENCES `teams` (`id`);

--
-- Filtros para la tabla `users`
--
ALTER TABLE `users`
  ADD CONSTRAINT `users_state_id_foreign` FOREIGN KEY (`state_id`) REFERENCES `states` (`id`);

/*!40101 SET CHARACTER_SET_CLIENT=@OLD_CHARACTER_SET_CLIENT */;
/*!40101 SET CHARACTER_SET_RESULTS=@OLD_CHARACTER_SET_RESULTS */;
/*!40101 SET COLLATION_CONNECTION=@OLD_COLLATION_CONNECTION */;
